State/UT,Population,Female_Literacy_Rate,Urbanization_Rate,Police_Personnel_per_100k,Per_Capita_Income
Andhra Pradesh,,,,,
Arunachal Pradesh,,,,,
Assam,,,,,
Bihar,,,,,
Chhattisgarh,,,,,
Goa,,,,,
Gujarat,,,,,
Haryana,,,,,
Himachal Pradesh,,,,,
Jharkhand,,,,,
Karnataka,,,,,
Kerala,,,,,
Madhya Pradesh,,,,,
Maharashtra,,,,,
Manipur,,,,,
Meghalaya,,,,,
Mizoram,,,,,
Nagaland,,,,,
Odisha,,,,,
Punjab,,,,,
Rajasthan,,,,,
Sikkim,,,,,
Tamil Nadu,,,,,
Telangana,,,,,
Tripura,,,,,
Uttar Pradesh,,,,,
Uttarakhand,,,,,
West Bengal,,,,,
Andaman and Nicobar Islands,,,,,
Chandigarh,,,,,
Dadra and Nagar Haveli and Daman and Diu,,,,,
Delhi,,,,,
Jammu and Kashmir,,,,,
Ladakh,,,,,
Lakshadweep,,,,,
Puducherry,,,,,
Percentage Share of Age-Group of Victims,,,,,
